-- use `h1gtfw3uuuyktywj`;
drop table if exists `bug_assignments`;
drop table if exists `bugs`;
drop table if exists `user_salary_histories`;
drop table if exists `users`;

create table `users`(
    `username` varchar(64),
	`password` varchar(64), 
	`refresh_token` varchar(255), 
	primary key(`username`)
); 

insert into `users`(`username`, `password`) values
	('noah', '$2a$10$aMk9VEsdwFZLdW.F7bhkPetkWHfh1nf8Y/eoNBghK8Dd76PadrsmC'),
	('james', '$2b$10$PH0WW9ZAgvXKebOJNUwhruIyMo2IrLV9iNXKc5rOlUwl3ZcK63XIW'),
	('phil', '$2b$10$mA8TRKeVR9yJwev0yOYpyeeH3VHDMY2.2HRzsVH/w9kM9AgD/nw2e'),
	('boss', '$2a$10$aMk9VEsdwFZLdW.F7bhkPetkWHfh1nf8Y/eoNBghK8Dd76PadrsmC');

create table `user_salary_histories`(
	`username` varchar(64),
	`salary` decimal(10,2),
	`date` date,
	primary key(`username`, `salary`, `date`),
	foreign key(`username`) references `users`(`username`)
);

insert into `user_salary_histories` values
	('noah', 65000.00, '2015-01-01'),
	('phil', 75000.00, '2015-01-01'),
	('james', 85000.00, '2015-01-01'),
	('boss', 100000.00, '2015-01-01');

create table `bugs`(
	`bug_id` VARCHAR(7),
	`type` VARCHAR(3),
	`dt_reported` datetime,
	`report_comment` varchar(500),
	`reportee` varchar(64),
	foreign key(`reportee`) references `users`(`username`),
	primary key(`bug_id`)
);

/* INSERT QUERY NO: 1 */
INSERT INTO bugs(bug_id, type, dt_reported, report_comment, reportee)
VALUES
('VwwIWyI', 'LGC', '2020-08-20 14:04:10', 'insufficient return path for function RunLast at line 344', 'phil'),
('sHqZMxv', 'LGC', '2020-08-30 12:57:59', 'insufficient return path for function execPrint at line 659', 'phil'),
('oGYsrkk', 'LGC', '2020-09-05 16:20:28', 'unnecessary return at line 232', 'james'),
('PUkAdFm', 'LGC', '2020-09-09 15:51:54', 'insufficient return path for function RecoverSystem32 at line 770', 'phil'),
('FJqQqlQ', 'LGC', '2020-09-12 15:31:12', 'unnecessary return at line 319', 'james'),
('KJzHHjm', 'LGC', '2020-08-23 14:22:11', 'insufficient return path for function RecoverSystem32 at line 332', 'phil'),
('kTlTuGC', 'LGC', '2020-08-31 16:39:51', 'insufficient return path for function crashComputer at line 135', 'james'),
('IblnNRh', 'LGC', '2020-09-20 14:01:31', 'unnecessary return at line 170', 'james'),
('zfEZWwq', 'LGC', '2020-11-26 17:12:56', 'unnecessary return at line 230', 'james'),
('YFTjFCy', 'LGC', '2020-10-22 15:41:14', 'unnecessary return at line 706', 'noah'),
('zQmIiHB', 'LGC', '2020-10-26 11:40:27', 'insufficient return path for function InvalidatePointer at line 550', 'boss'),
('gYVnzAM', 'LGC', '2020-10-27 16:51:08', 'insufficient return path for function execPrint at line 626', 'phil'),
('etUdUTB', 'LGC', '2020-11-27 08:13:34', 'insufficient return path for function DeleteSystem32 at line 388', 'james'),
('LVajoyf', 'LGC', '2020-11-28 12:24:23', 'unnecessary return at line 632', 'james'),
('APLvNkj', 'LGC', '2020-09-27 13:22:09', 'unnecessary return at line 481', 'noah'),
('OkKhfJD', 'LGC', '2020-09-18 13:43:23', 'insufficient return path for function RecoverSystem32 at line 546', 'boss'),
('GMpGbyK', 'LGC', '2020-10-08 11:08:24', 'insufficient return path for function RunLast at line 474', 'noah'),
('LCQZOoY', 'LGC', '2020-09-05 11:52:17', 'unnecessary return at line 595', 'phil'),
('ICuAVEh', 'LGC', '2020-08-24 16:43:39', 'insufficient return path for function execPrint at line 187', 'boss'),
('gSXNEjC', 'LGC', '2020-11-13 17:19:44', 'unnecessary return at line 187', 'james'),
('qONdXgs', 'RTM', '2020-08-15 09:07:32', 'segmentation fault at line 801', 'boss'),
('cqwHHLc', 'RTM', '2020-11-01 08:53:08', 'segmentation fault at line 843', 'boss'),
('mwEXRfr', 'RTM', '2020-08-01 12:32:34', 'stack over flow at line 988', 'boss'),
('hPKUqAD', 'RTM', '2020-11-07 13:12:08', 'segmentation fault at line 828', 'phil'),
('EIMDzZK', 'RTM', '2020-10-10 15:18:26', 'segmentation fault at line 249', 'phil'),
('QXxWyEO', 'RTM', '2020-09-08 10:12:38', 'segmentation fault at line 641', 'phil'),
('xTxzzer', 'RTM', '2020-10-31 09:11:20', 'segmentation fault at line 317', 'phil'),
('AXUsVIO', 'RTM', '2020-09-21 15:43:27', 'stack over flow at line 263', 'boss'),
('tLlMxyw', 'RTM', '2020-08-15 08:24:18', 'segmentation fault at line 257', 'phil'),
('ayqIipl', 'RTM', '2020-11-08 15:12:46', 'stack over flow at line 628', 'noah'),
('CLFMBYB', 'RTM', '2020-09-03 08:12:01', 'stack over flow at line 310', 'james'),
('XgyGStm', 'RTM', '2020-11-24 13:21:21', 'stack over flow at line 813', 'james'),
('qkhyZtp', 'RTM', '2020-08-03 16:50:09', 'segmentation fault at line 100', 'james'),
('mXeBcdY', 'RTM', '2020-11-01 09:35:10', 'stack over flow at line 964', 'noah'),
('gYJzyiW', 'RTM', '2020-11-20 09:37:40', 'segmentation fault at line 4', 'phil'),
('fiRYQZI', 'RTM', '2020-10-24 12:36:44', 'segmentation fault at line 871', 'phil'),
('sLwEzWL', 'RTM', '2020-10-26 08:42:30', 'segmentation fault at line 169', 'boss'),
('xLIJLeS', 'RTM', '2020-10-26 10:12:10', 'segmentation fault at line 748', 'phil'),
('MKthrFq', 'RTM', '2020-09-04 11:22:02', 'segmentation fault at line 678', 'noah'),
('taNcaDU', 'RTM', '2020-08-01 13:52:50', 'stack over flow at line 404', 'boss'),
('xgMmsKY', 'CMP', '2020-08-28 14:00:54', 'unknown class "z_oe" on line 746', 'phil'),
('fIcJdtH', 'CMP', '2020-09-28 16:41:42', 'undeclared class "OPN" on line 606', 'james'),
('SCXpNYy', 'CMP', '2020-11-14 09:35:01', 'unused function "nckOpen" on line 923', 'boss'),
('vVakeqM', 'CMP', '2020-11-21 10:56:01', 'unused function "z_oe" on line 246', 'phil'),
('jsCGDNq', 'CMP', '2020-09-08 16:42:29', 'unknown variable "ope" on line 64', 'james'),
('dGPsGCS', 'CMP', '2020-08-20 11:05:53', 'unknown variable "nckOpen" on line 5', 'james'),
('tJRFPvZ', 'CMP', '2020-08-30 11:13:06', 'unused variable "ope" on line 117', 'james'),
('tTPcWlN', 'CMP', '2020-09-30 15:34:04', 'unused function "m_open" on line 227', 'james'),
('qNhHAnv', 'CMP', '2020-11-06 16:31:14', 'unknown class "v_OPE" on line 329', 'noah'),
('dzMHGGR', 'CMP', '2020-09-19 09:39:23', 'undeclared function "__Ope" on line 684', 'james'),
('vweAUVD', 'CMP', '2020-11-23 08:04:46', 'unknown class "v_OPE" on line 817', 'noah'),
('LlrsMKY', 'CMP', '2020-11-03 16:31:44', 'unused class "z_oe" on line 841', 'noah'),
('rjDLONd', 'CMP', '2020-10-17 17:38:01', 'unused function "m_open" on line 14', 'phil'),
('bPegbvc', 'CMP', '2020-08-22 11:43:12', 'undeclared function "wql_open" on line 859', 'boss'),
('BLDyUZp', 'CMP', '2020-10-25 16:31:42', 'unused function "m_open" on line 4', 'noah'),
('fDnDBsq', 'CMP', '2020-11-24 12:39:15', 'unknown variable "v_OPE" on line 950', 'noah'),
('TGCXwld', 'CMP', '2020-09-10 10:53:45', 'undeclared function "ju_OPEN" on line 345', 'noah'),
('yTaWAzS', 'CMP', '2020-08-09 13:57:09', 'undeclared class "OPN" on line 14', 'james'),
('fohmTdg', 'CMP', '2020-10-31 15:55:21', 'undeclared class "v_OPE" on line 430', 'boss'),
('HQqkbnL', 'CMP', '2020-11-02 10:20:25', 'undeclared variable "ybs_open" on line 715', 'boss');

create table `bug_assignments`(
	`assignee` varchar(64),
	`bug_id` varchar(7),
	`dt_start` datetime,
	`dt_end` datetime,
	`progress` TINYINT UNSIGNED,
	`role` varchar(64),
	foreign KEY(`assignee`) references `users`(`username`),
	foreign key(`bug_id`) references `bugs`(`bug_id`),
	PRIMARY key (`assignee`, `bug_id`)
);

/* INSERT QUERY NO: 1 */
INSERT INTO bug_assignments(assignee, bug_id, dt_start, dt_end, progress, role)
VALUES
('boss', 'VwwIWyI', '2020-08-20 14:04:10', '2020-08-27 14:04:10', 112, 'log reporter'),
('noah', 'sHqZMxv', '2020-08-31 12:57:59', '2020-09-02 12:57:59', 160, 'log reporter'),
('noah', 'oGYsrkk', '2020-09-07 16:20:28', '2020-09-11 16:20:28', 7, 'log reporter'),
('boss', 'PUkAdFm', '2020-09-09 15:51:54', '2020-09-15 15:51:54', 128, 'consultant'),
('noah', 'FJqQqlQ', '2020-09-13 15:31:12', '2020-09-18 15:31:12', 10, 'tester'),
('noah', 'KJzHHjm', '2020-08-25 14:22:11', '2020-08-27 14:22:11', 228, 'code cleaner'),
('noah', 'kTlTuGC', '2020-09-01 16:39:51', '2020-09-03 16:39:51', 82, 'tester'),
('boss', 'IblnNRh', '2020-09-22 14:01:31', '2020-09-25 14:01:31', 226, 'log reporter'),
('noah', 'zfEZWwq', '2020-11-27 17:12:56', '2020-12-01 17:12:56', 41, 'log reporter'),
('boss', 'YFTjFCy', '2020-10-22 15:41:14', '2020-10-29 15:41:14', 37, 'main fix'),
('noah', 'zQmIiHB', '2020-10-27 11:40:27', '2020-11-02 11:40:27', 200, 'code cleaner'),
('james', 'gYVnzAM', '2020-10-27 16:51:08', '2020-11-01 16:51:08', 45, 'log reporter'),
('boss', 'etUdUTB', '2020-11-28 08:13:34', '2020-12-02 08:13:34', 171, 'log reporter'),
('boss', 'LVajoyf', '2020-11-28 12:24:23', '2020-12-02 12:24:23', 213, 'consultant'),
('noah', 'APLvNkj', '2020-09-27 13:22:09', '2020-10-04 13:22:09', 73, 'code cleaner (reportee)'),
('noah', 'OkKhfJD', '2020-09-18 13:43:23', '2020-09-21 13:43:23', 26, 'log reporter'),
('phil', 'GMpGbyK', '2020-10-10 11:08:24', '2020-10-15 11:08:24', 192, 'consultant'),
('phil', 'LCQZOoY', '2020-09-05 11:52:17', '2020-09-08 11:52:17', 84, 'log reporter (reportee)'),
('noah', 'ICuAVEh', '2020-08-25 16:43:39', '2020-08-29 16:43:39', 94, 'log reporter'),
('boss', 'gSXNEjC', '2020-11-15 17:19:44', '2020-11-19 17:19:44', 205, 'tester'),
('phil', 'gSXNEjC', '2020-11-15 17:19:44', '2020-11-19 17:19:44', 76, 'code cleaner'),
('noah', 'gSXNEjC', '2020-11-15 17:19:44', '2020-11-19 17:19:44', 17, 'code cleaner'),
('james', 'gSXNEjC', '2020-11-15 17:19:44', '2020-11-19 17:19:44', 93, 'tester (reportee)'),
('phil', 'ICuAVEh', '2020-08-25 16:43:39', '2020-08-29 16:43:39', 249, 'code cleaner'),
('boss', 'ICuAVEh', '2020-08-25 16:43:39', '2020-08-29 16:43:39', 152, 'consultant (reportee)'),
('james', 'ICuAVEh', '2020-08-25 16:43:39', '2020-08-29 16:43:39', 96, 'tester'),
('james', 'LCQZOoY', '2020-09-05 11:52:17', '2020-09-08 11:52:17', 201, 'main fix'),
('noah', 'LCQZOoY', '2020-09-05 11:52:17', '2020-09-08 11:52:17', 0, 'log reporter'),
('boss', 'LCQZOoY', '2020-09-05 11:52:17', '2020-09-08 11:52:17', 165, 'main fix'),
('noah', 'GMpGbyK', '2020-10-10 11:08:24', '2020-10-15 11:08:24', 12, 'consultant (reportee)'),
('james', 'GMpGbyK', '2020-10-10 11:08:24', '2020-10-15 11:08:24', 98, 'log reporter'),
('boss', 'GMpGbyK', '2020-10-10 11:08:24', '2020-10-15 11:08:24', 80, 'consultant'),
('phil', 'OkKhfJD', '2020-09-18 13:43:23', '2020-09-21 13:43:23', 221, 'tester'),
('james', 'OkKhfJD', '2020-09-18 13:43:23', '2020-09-21 13:43:23', 5, 'code cleaner'),
('boss', 'OkKhfJD', '2020-09-18 13:43:23', '2020-09-21 13:43:23', 156, 'log reporter (reportee)'),
('boss', 'APLvNkj', '2020-09-27 13:22:09', '2020-10-04 13:22:09', 142, 'log reporter'),
('james', 'APLvNkj', '2020-09-27 13:22:09', '2020-10-04 13:22:09', 244, 'code cleaner'),
('phil', 'APLvNkj', '2020-09-27 13:22:09', '2020-10-04 13:22:09', 152, 'consultant'),
('phil', 'LVajoyf', '2020-11-28 12:24:23', '2020-12-02 12:24:23', 3, 'consultant'),
('james', 'LVajoyf', '2020-11-28 12:24:23', '2020-12-02 12:24:23', 45, 'main fix (reportee)'),
('noah', 'etUdUTB', '2020-11-28 08:13:34', '2020-12-02 08:13:34', 54, 'consultant'),
('james', 'etUdUTB', '2020-11-28 08:13:34', '2020-12-02 08:13:34', 57, 'consultant (reportee)'),
('phil', 'etUdUTB', '2020-11-28 08:13:34', '2020-12-02 08:13:34', 155, 'tester'),
('boss', 'gYVnzAM', '2020-10-27 16:51:08', '2020-11-01 16:51:08', 86, 'main fix'),
('phil', 'gYVnzAM', '2020-10-27 16:51:08', '2020-11-01 16:51:08', 124, 'consultant (reportee)'),
('noah', 'gYVnzAM', '2020-10-27 16:51:08', '2020-11-01 16:51:08', 57, 'main fix'),
('boss', 'zQmIiHB', '2020-10-27 11:40:27', '2020-11-02 11:40:27', 69, 'main fix (reportee)'),
('james', 'zQmIiHB', '2020-10-27 11:40:27', '2020-11-02 11:40:27', 165, 'tester'),
('phil', 'zQmIiHB', '2020-10-27 11:40:27', '2020-11-02 11:40:27', 165, 'code cleaner'),
('phil', 'YFTjFCy', '2020-10-22 15:41:14', '2020-10-29 15:41:14', 157, 'log reporter'),
('noah', 'YFTjFCy', '2020-10-22 15:41:14', '2020-10-29 15:41:14', 35, 'log reporter (reportee)'),
('james', 'YFTjFCy', '2020-10-22 15:41:14', '2020-10-29 15:41:14', 150, 'tester'),
('boss', 'zfEZWwq', '2020-11-27 17:12:56', '2020-12-01 17:12:56', 17, 'main fix'),
('phil', 'zfEZWwq', '2020-11-27 17:12:56', '2020-12-01 17:12:56', 126, 'code cleaner'),
('james', 'zfEZWwq', '2020-11-27 17:12:56', '2020-12-01 17:12:56', 233, 'consultant (reportee)'),
('james', 'IblnNRh', '2020-09-22 14:01:31', '2020-09-25 14:01:31', 110, 'tester (reportee)'),
('noah', 'IblnNRh', '2020-09-22 14:01:31', '2020-09-25 14:01:31', 241, 'tester'),
('phil', 'IblnNRh', '2020-09-22 14:01:31', '2020-09-25 14:01:31', 67, 'code cleaner'),
('boss', 'kTlTuGC', '2020-09-01 16:39:51', '2020-09-03 16:39:51', 13, 'log reporter'),
('phil', 'kTlTuGC', '2020-09-01 16:39:51', '2020-09-03 16:39:51', 193, 'code cleaner'),
('james', 'kTlTuGC', '2020-09-01 16:39:51', '2020-09-03 16:39:51', 150, 'code cleaner (reportee)'),
('phil', 'KJzHHjm', '2020-08-25 14:22:11', '2020-08-27 14:22:11', 220, 'code cleaner (reportee)'),
('james', 'KJzHHjm', '2020-08-25 14:22:11', '2020-08-27 14:22:11', 53, 'code cleaner'),
('boss', 'KJzHHjm', '2020-08-25 14:22:11', '2020-08-27 14:22:11', 16, 'code cleaner'),
('phil', 'FJqQqlQ', '2020-09-13 15:31:12', '2020-09-18 15:31:12', 57, 'tester'),
('james', 'FJqQqlQ', '2020-09-13 15:31:12', '2020-09-18 15:31:12', 147, 'main fix (reportee)'),
('boss', 'FJqQqlQ', '2020-09-13 15:31:12', '2020-09-18 15:31:12', 88, 'log reporter'),
('noah', 'PUkAdFm', '2020-09-09 15:51:54', '2020-09-15 15:51:54', 66, 'consultant'),
('james', 'PUkAdFm', '2020-09-09 15:51:54', '2020-09-15 15:51:54', 166, 'consultant'),
('phil', 'PUkAdFm', '2020-09-09 15:51:54', '2020-09-15 15:51:54', 18, 'consultant (reportee)'),
('boss', 'oGYsrkk', '2020-09-07 16:20:28', '2020-09-11 16:20:28', 149, 'log reporter'),
('phil', 'oGYsrkk', '2020-09-07 16:20:28', '2020-09-11 16:20:28', 8, 'log reporter'),
('james', 'oGYsrkk', '2020-09-07 16:20:28', '2020-09-11 16:20:28', 252, 'main fix (reportee)'),
('phil', 'sHqZMxv', '2020-08-31 12:57:59', '2020-09-02 12:57:59', 128, 'consultant (reportee)'),
('boss', 'sHqZMxv', '2020-08-31 12:57:59', '2020-09-02 12:57:59', 223, 'tester'),
('james', 'sHqZMxv', '2020-08-31 12:57:59', '2020-09-02 12:57:59', 217, 'log reporter'),
('noah', 'VwwIWyI', '2020-08-20 14:04:10', '2020-08-27 14:04:10', 229, 'consultant'),
('phil', 'VwwIWyI', '2020-08-20 14:04:10', '2020-08-27 14:04:10', 53, 'consultant (reportee)'),
('noah', 'qONdXgs', '2020-08-16 09:07:32', '2020-08-21 09:07:32', 102, 'consultant'),
('noah', 'cqwHHLc', '2020-11-02 08:53:08', '2020-11-05 08:53:08', 251, 'log reporter'),
('james', 'mwEXRfr', '2020-08-03 12:32:34', '2020-08-06 12:32:34', 203, 'main fix'),
('noah', 'hPKUqAD', '2020-11-09 13:12:08', '2020-11-10 13:12:08', 32, 'consultant'),
('james', 'EIMDzZK', '2020-10-10 15:18:26', '2020-10-13 15:18:26', 176, 'consultant'),
('phil', 'QXxWyEO', '2020-09-08 10:12:38', '2020-09-13 10:12:38', 169, 'tester (reportee)'),
('phil', 'xTxzzer', '2020-11-02 09:11:20', '2020-11-04 09:11:20', 199, 'log reporter (reportee)'),
('james', 'AXUsVIO', '2020-09-23 15:43:27', '2020-09-26 15:43:27', 184, 'code cleaner'),
('boss', 'tLlMxyw', '2020-08-17 08:24:18', '2020-08-22 08:24:18', 120, 'tester'),
('james', 'ayqIipl', '2020-11-10 15:12:46', '2020-11-15 15:12:46', 153, 'tester'),
('noah', 'CLFMBYB', '2020-09-04 08:12:01', '2020-09-06 08:12:01', 132, 'tester'),
('noah', 'XgyGStm', '2020-11-24 13:21:21', '2020-11-27 13:21:21', 200, 'code cleaner'),
('james', 'qkhyZtp', '2020-08-03 16:50:09', '2020-08-10 16:50:09', 157, 'consultant (reportee)'),
('noah', 'mXeBcdY', '2020-11-02 09:35:10', '2020-11-07 09:35:10', 55, 'tester (reportee)'),
('noah', 'gYJzyiW', '2020-11-20 09:37:40', '2020-11-26 09:37:40', 90, 'code cleaner'),
('james', 'fiRYQZI', '2020-10-24 12:36:44', '2020-10-31 12:36:44', 167, 'code cleaner'),
('james', 'sLwEzWL', '2020-10-28 08:42:30', '2020-10-30 08:42:30', 64, 'tester'),
('boss', 'xLIJLeS', '2020-10-27 10:12:10', '2020-10-31 10:12:10', 69, 'code cleaner'),
('boss', 'MKthrFq', '2020-09-06 11:22:02', '2020-09-10 11:22:02', 141, 'log reporter'),
('phil', 'taNcaDU', '2020-08-02 13:52:50', '2020-08-08 13:52:50', 217, 'main fix'),
('noah', 'taNcaDU', '2020-08-02 13:52:50', '2020-08-08 13:52:50', 137, 'log reporter'),
('james', 'taNcaDU', '2020-08-02 13:52:50', '2020-08-08 13:52:50', 116, 'main fix'),
('boss', 'taNcaDU', '2020-08-02 13:52:50', '2020-08-08 13:52:50', 36, 'consultant (reportee)'),
('phil', 'MKthrFq', '2020-09-06 11:22:02', '2020-09-10 11:22:02', 2, 'main fix'),
('james', 'MKthrFq', '2020-09-06 11:22:02', '2020-09-10 11:22:02', 213, 'main fix'),
('noah', 'MKthrFq', '2020-09-06 11:22:02', '2020-09-10 11:22:02', 245, 'tester (reportee)'),
('noah', 'xLIJLeS', '2020-10-27 10:12:10', '2020-10-31 10:12:10', 120, 'log reporter'),
('james', 'xLIJLeS', '2020-10-27 10:12:10', '2020-10-31 10:12:10', 59, 'log reporter'),
('phil', 'xLIJLeS', '2020-10-27 10:12:10', '2020-10-31 10:12:10', 121, 'consultant (reportee)'),
('phil', 'sLwEzWL', '2020-10-28 08:42:30', '2020-10-30 08:42:30', 90, 'log reporter'),
('noah', 'sLwEzWL', '2020-10-28 08:42:30', '2020-10-30 08:42:30', 92, 'main fix'),
('boss', 'sLwEzWL', '2020-10-28 08:42:30', '2020-10-30 08:42:30', 152, 'tester (reportee)'),
('boss', 'fiRYQZI', '2020-10-24 12:36:44', '2020-10-31 12:36:44', 144, 'tester'),
('phil', 'fiRYQZI', '2020-10-24 12:36:44', '2020-10-31 12:36:44', 166, 'consultant (reportee)'),
('noah', 'fiRYQZI', '2020-10-24 12:36:44', '2020-10-31 12:36:44', 38, 'log reporter'),
('boss', 'gYJzyiW', '2020-11-20 09:37:40', '2020-11-26 09:37:40', 220, 'code cleaner'),
('james', 'gYJzyiW', '2020-11-20 09:37:40', '2020-11-26 09:37:40', 46, 'log reporter'),
('phil', 'gYJzyiW', '2020-11-20 09:37:40', '2020-11-26 09:37:40', 101, 'consultant (reportee)'),
('phil', 'mXeBcdY', '2020-11-02 09:35:10', '2020-11-07 09:35:10', 193, 'log reporter'),
('boss', 'mXeBcdY', '2020-11-02 09:35:10', '2020-11-07 09:35:10', 41, 'consultant'),
('james', 'mXeBcdY', '2020-11-02 09:35:10', '2020-11-07 09:35:10', 144, 'tester'),
('noah', 'qkhyZtp', '2020-08-03 16:50:09', '2020-08-10 16:50:09', 165, 'code cleaner'),
('boss', 'qkhyZtp', '2020-08-03 16:50:09', '2020-08-10 16:50:09', 23, 'consultant'),
('phil', 'qkhyZtp', '2020-08-03 16:50:09', '2020-08-10 16:50:09', 212, 'tester'),
('phil', 'XgyGStm', '2020-11-24 13:21:21', '2020-11-27 13:21:21', 252, 'code cleaner'),
('boss', 'XgyGStm', '2020-11-24 13:21:21', '2020-11-27 13:21:21', 37, 'code cleaner'),
('james', 'XgyGStm', '2020-11-24 13:21:21', '2020-11-27 13:21:21', 204, 'tester (reportee)'),
('boss', 'CLFMBYB', '2020-09-04 08:12:01', '2020-09-06 08:12:01', 19, 'main fix'),
('phil', 'CLFMBYB', '2020-09-04 08:12:01', '2020-09-06 08:12:01', 194, 'consultant'),
('james', 'CLFMBYB', '2020-09-04 08:12:01', '2020-09-06 08:12:01', 98, 'tester (reportee)'),
('noah', 'ayqIipl', '2020-11-10 15:12:46', '2020-11-15 15:12:46', 234, 'main fix (reportee)'),
('boss', 'ayqIipl', '2020-11-10 15:12:46', '2020-11-15 15:12:46', 90, 'main fix'),
('phil', 'ayqIipl', '2020-11-10 15:12:46', '2020-11-15 15:12:46', 225, 'tester'),
('noah', 'tLlMxyw', '2020-08-17 08:24:18', '2020-08-22 08:24:18', 179, 'consultant'),
('phil', 'tLlMxyw', '2020-08-17 08:24:18', '2020-08-22 08:24:18', 39, 'consultant (reportee)'),
('james', 'tLlMxyw', '2020-08-17 08:24:18', '2020-08-22 08:24:18', 168, 'consultant'),
('phil', 'AXUsVIO', '2020-09-23 15:43:27', '2020-09-26 15:43:27', 206, 'consultant'),
('boss', 'AXUsVIO', '2020-09-23 15:43:27', '2020-09-26 15:43:27', 168, 'main fix (reportee)'),
('noah', 'AXUsVIO', '2020-09-23 15:43:27', '2020-09-26 15:43:27', 3, 'consultant'),
('james', 'xTxzzer', '2020-11-02 09:11:20', '2020-11-04 09:11:20', 203, 'log reporter'),
('noah', 'xTxzzer', '2020-11-02 09:11:20', '2020-11-04 09:11:20', 143, 'log reporter'),
('boss', 'xTxzzer', '2020-11-02 09:11:20', '2020-11-04 09:11:20', 232, 'code cleaner'),
('boss', 'QXxWyEO', '2020-09-08 10:12:38', '2020-09-13 10:12:38', 98, 'code cleaner'),
('noah', 'QXxWyEO', '2020-09-08 10:12:38', '2020-09-13 10:12:38', 104, 'consultant'),
('james', 'QXxWyEO', '2020-09-08 10:12:38', '2020-09-13 10:12:38', 49, 'log reporter'),
('noah', 'EIMDzZK', '2020-10-10 15:18:26', '2020-10-13 15:18:26', 9, 'log reporter'),
('boss', 'EIMDzZK', '2020-10-10 15:18:26', '2020-10-13 15:18:26', 150, 'tester'),
('phil', 'EIMDzZK', '2020-10-10 15:18:26', '2020-10-13 15:18:26', 165, 'consultant (reportee)'),
('james', 'hPKUqAD', '2020-11-09 13:12:08', '2020-11-10 13:12:08', 155, 'consultant'),
('boss', 'hPKUqAD', '2020-11-09 13:12:08', '2020-11-10 13:12:08', 72, 'log reporter'),
('phil', 'hPKUqAD', '2020-11-09 13:12:08', '2020-11-10 13:12:08', 200, 'consultant (reportee)'),
('noah', 'mwEXRfr', '2020-08-03 12:32:34', '2020-08-06 12:32:34', 249, 'consultant'),
('boss', 'mwEXRfr', '2020-08-03 12:32:34', '2020-08-06 12:32:34', 40, 'main fix (reportee)'),
('phil', 'mwEXRfr', '2020-08-03 12:32:34', '2020-08-06 12:32:34', 21, 'code cleaner'),
('james', 'cqwHHLc', '2020-11-02 08:53:08', '2020-11-05 08:53:08', 222, 'main fix'),
('boss', 'cqwHHLc', '2020-11-02 08:53:08', '2020-11-05 08:53:08', 23, 'main fix (reportee)'),
('phil', 'cqwHHLc', '2020-11-02 08:53:08', '2020-11-05 08:53:08', 171, 'tester'),
('james', 'qONdXgs', '2020-08-16 09:07:32', '2020-08-21 09:07:32', 31, 'code cleaner'),
('phil', 'qONdXgs', '2020-08-16 09:07:32', '2020-08-21 09:07:32', 228, 'log reporter'),
('boss', 'qONdXgs', '2020-08-16 09:07:32', '2020-08-21 09:07:32', 100, 'code cleaner (reportee)'),
('james', 'xgMmsKY', '2020-08-30 14:00:54', '2020-09-02 14:00:54', 8, 'main fix'),
('phil', 'fIcJdtH', '2020-09-29 16:41:42', '2020-10-05 16:41:42', 240, 'main fix'),
('phil', 'SCXpNYy', '2020-11-15 09:35:01', '2020-11-17 09:35:01', 38, 'code cleaner'),
('phil', 'vVakeqM', '2020-11-23 10:56:01', '2020-11-26 10:56:01', 72, 'main fix (reportee)'),
('noah', 'jsCGDNq', '2020-09-09 16:42:29', '2020-09-11 16:42:29', 49, 'log reporter'),
('boss', 'dGPsGCS', '2020-08-21 11:05:53', '2020-08-27 11:05:53', 112, 'code cleaner'),
('phil', 'tJRFPvZ', '2020-08-31 11:13:06', '2020-09-02 11:13:06', 74, 'tester'),
('noah', 'tTPcWlN', '2020-09-30 15:34:04', '2020-10-04 15:34:04', 87, 'code cleaner'),
('james', 'qNhHAnv', '2020-11-07 16:31:14', '2020-11-12 16:31:14', 161, 'tester'),
('boss', 'dzMHGGR', '2020-09-20 09:39:23', '2020-09-23 09:39:23', 206, 'tester'),
('boss', 'vweAUVD', '2020-11-23 08:04:46', '2020-11-26 08:04:46', 9, 'tester'),
('noah', 'LlrsMKY', '2020-11-04 16:31:44', '2020-11-09 16:31:44', 145, 'log reporter (reportee)'),
('phil', 'rjDLONd', '2020-10-18 17:38:01', '2020-10-21 17:38:01', 66, 'consultant (reportee)'),
('phil', 'bPegbvc', '2020-08-23 11:43:12', '2020-08-29 11:43:12', 74, 'log reporter'),
('boss', 'BLDyUZp', '2020-10-27 16:31:42', '2020-10-30 16:31:42', 185, 'consultant'),
('phil', 'fDnDBsq', '2020-11-24 12:39:15', '2020-11-30 12:39:15', 224, 'main fix'),
('phil', 'TGCXwld', '2020-09-10 10:53:45', '2020-09-16 10:53:45', 11, 'tester'),
('phil', 'yTaWAzS', '2020-08-11 13:57:09', '2020-08-16 13:57:09', 253, 'tester'),
('phil', 'fohmTdg', '2020-10-31 15:55:21', '2020-11-05 15:55:21', 244, 'main fix'),
('noah', 'HQqkbnL', '2020-11-04 10:20:25', '2020-11-08 10:20:25', 147, 'tester'),
('boss', 'HQqkbnL', '2020-11-04 10:20:25', '2020-11-08 10:20:25', 192, 'tester (reportee)'),
('james', 'HQqkbnL', '2020-11-04 10:20:25', '2020-11-08 10:20:25', 233, 'code cleaner'),
('phil', 'HQqkbnL', '2020-11-04 10:20:25', '2020-11-08 10:20:25', 18, 'main fix'),
('noah', 'fohmTdg', '2020-10-31 15:55:21', '2020-11-05 15:55:21', 198, 'tester'),
('james', 'fohmTdg', '2020-10-31 15:55:21', '2020-11-05 15:55:21', 87, 'log reporter'),
('boss', 'fohmTdg', '2020-10-31 15:55:21', '2020-11-05 15:55:21', 229, 'main fix (reportee)'),
('noah', 'yTaWAzS', '2020-08-11 13:57:09', '2020-08-16 13:57:09', 202, 'main fix'),
('boss', 'yTaWAzS', '2020-08-11 13:57:09', '2020-08-16 13:57:09', 235, 'code cleaner'),
('james', 'yTaWAzS', '2020-08-11 13:57:09', '2020-08-16 13:57:09', 254, 'tester (reportee)'),
('noah', 'TGCXwld', '2020-09-10 10:53:45', '2020-09-16 10:53:45', 46, 'log reporter (reportee)'),
('boss', 'TGCXwld', '2020-09-10 10:53:45', '2020-09-16 10:53:45', 102, 'log reporter'),
('james', 'TGCXwld', '2020-09-10 10:53:45', '2020-09-16 10:53:45', 50, 'consultant'),
('boss', 'fDnDBsq', '2020-11-24 12:39:15', '2020-11-30 12:39:15', 169, 'tester'),
('noah', 'fDnDBsq', '2020-11-24 12:39:15', '2020-11-30 12:39:15', 158, 'log reporter (reportee)'),
('james', 'fDnDBsq', '2020-11-24 12:39:15', '2020-11-30 12:39:15', 182, 'main fix'),
('james', 'BLDyUZp', '2020-10-27 16:31:42', '2020-10-30 16:31:42', 207, 'tester'),
('noah', 'BLDyUZp', '2020-10-27 16:31:42', '2020-10-30 16:31:42', 28, 'main fix (reportee)'),
('phil', 'BLDyUZp', '2020-10-27 16:31:42', '2020-10-30 16:31:42', 69, 'consultant'),
('james', 'bPegbvc', '2020-08-23 11:43:12', '2020-08-29 11:43:12', 117, 'code cleaner'),
('boss', 'bPegbvc', '2020-08-23 11:43:12', '2020-08-29 11:43:12', 26, 'main fix (reportee)'),
('noah', 'bPegbvc', '2020-08-23 11:43:12', '2020-08-29 11:43:12', 7, 'log reporter'),
('noah', 'rjDLONd', '2020-10-18 17:38:01', '2020-10-21 17:38:01', 192, 'consultant'),
('boss', 'rjDLONd', '2020-10-18 17:38:01', '2020-10-21 17:38:01', 228, 'code cleaner'),
('james', 'rjDLONd', '2020-10-18 17:38:01', '2020-10-21 17:38:01', 62, 'main fix'),
('james', 'LlrsMKY', '2020-11-04 16:31:44', '2020-11-09 16:31:44', 117, 'main fix'),
('phil', 'LlrsMKY', '2020-11-04 16:31:44', '2020-11-09 16:31:44', 107, 'tester'),
('boss', 'LlrsMKY', '2020-11-04 16:31:44', '2020-11-09 16:31:44', 2, 'main fix'),
('noah', 'vweAUVD', '2020-11-23 08:04:46', '2020-11-26 08:04:46', 232, 'tester (reportee)'),
('james', 'vweAUVD', '2020-11-23 08:04:46', '2020-11-26 08:04:46', 189, 'tester'),
('phil', 'vweAUVD', '2020-11-23 08:04:46', '2020-11-26 08:04:46', 147, 'main fix'),
('phil', 'dzMHGGR', '2020-09-20 09:39:23', '2020-09-23 09:39:23', 233, 'tester'),
('james', 'dzMHGGR', '2020-09-20 09:39:23', '2020-09-23 09:39:23', 103, 'tester (reportee)'),
('noah', 'dzMHGGR', '2020-09-20 09:39:23', '2020-09-23 09:39:23', 113, 'log reporter'),
('noah', 'qNhHAnv', '2020-11-07 16:31:14', '2020-11-12 16:31:14', 18, 'tester (reportee)'),
('phil', 'qNhHAnv', '2020-11-07 16:31:14', '2020-11-12 16:31:14', 69, 'log reporter'),
('boss', 'qNhHAnv', '2020-11-07 16:31:14', '2020-11-12 16:31:14', 33, 'tester'),
('phil', 'tTPcWlN', '2020-09-30 15:34:04', '2020-10-04 15:34:04', 82, 'consultant'),
('james', 'tTPcWlN', '2020-09-30 15:34:04', '2020-10-04 15:34:04', 108, 'tester (reportee)'),
('boss', 'tTPcWlN', '2020-09-30 15:34:04', '2020-10-04 15:34:04', 252, 'tester'),
('boss', 'tJRFPvZ', '2020-08-31 11:13:06', '2020-09-02 11:13:06', 156, 'tester'),
('james', 'tJRFPvZ', '2020-08-31 11:13:06', '2020-09-02 11:13:06', 63, 'code cleaner (reportee)'),
('noah', 'tJRFPvZ', '2020-08-31 11:13:06', '2020-09-02 11:13:06', 238, 'main fix'),
('james', 'dGPsGCS', '2020-08-21 11:05:53', '2020-08-27 11:05:53', 82, 'tester (reportee)'),
('noah', 'dGPsGCS', '2020-08-21 11:05:53', '2020-08-27 11:05:53', 221, 'consultant'),
('phil', 'dGPsGCS', '2020-08-21 11:05:53', '2020-08-27 11:05:53', 95, 'log reporter'),
('james', 'jsCGDNq', '2020-09-09 16:42:29', '2020-09-11 16:42:29', 3, 'consultant (reportee)'),
('phil', 'jsCGDNq', '2020-09-09 16:42:29', '2020-09-11 16:42:29', 23, 'code cleaner'),
('boss', 'jsCGDNq', '2020-09-09 16:42:29', '2020-09-11 16:42:29', 158, 'tester'),
('noah', 'vVakeqM', '2020-11-23 10:56:01', '2020-11-26 10:56:01', 192, 'log reporter'),
('james', 'vVakeqM', '2020-11-23 10:56:01', '2020-11-26 10:56:01', 31, 'consultant'),
('boss', 'vVakeqM', '2020-11-23 10:56:01', '2020-11-26 10:56:01', 97, 'log reporter'),
('noah', 'SCXpNYy', '2020-11-15 09:35:01', '2020-11-17 09:35:01', 177, 'code cleaner'),
('james', 'SCXpNYy', '2020-11-15 09:35:01', '2020-11-17 09:35:01', 220, 'main fix'),
('boss', 'SCXpNYy', '2020-11-15 09:35:01', '2020-11-17 09:35:01', 109, 'main fix (reportee)'),
('james', 'fIcJdtH', '2020-09-29 16:41:42', '2020-10-05 16:41:42', 18, 'code cleaner (reportee)'),
('boss', 'fIcJdtH', '2020-09-29 16:41:42', '2020-10-05 16:41:42', 45, 'tester'),
('noah', 'fIcJdtH', '2020-09-29 16:41:42', '2020-10-05 16:41:42', 191, 'log reporter'),
('noah', 'xgMmsKY', '2020-08-30 14:00:54', '2020-09-02 14:00:54', 38, 'tester'),
('phil', 'xgMmsKY', '2020-08-30 14:00:54', '2020-09-02 14:00:54', 22, 'main fix (reportee)'),
('boss', 'xgMmsKY', '2020-08-30 14:00:54', '2020-09-02 14:00:54', 50, 'tester');
